{"cameraMode":{"drawMode":0,"name":"Shaded","section":"Shading Mode"},"sceneLighting":true,"audioPlay":false,"sceneViewState":{"m_AlwaysRefresh":false,"showFog":true,"showSkybox":true,"showFlares":true,"showImageEffects":true,"showParticleSystems":true,"showVisualEffectGraphs":true,"m_FxEnabled":true},"in2DMode":false,"pivot":{"x":24.866369247436525,"y":-36.167667388916019,"z":78.04730987548828},"rotation":{"x":0.345353364944458,"y":0.030958276242017747,"z":-0.01139799039810896,"w":0.9379097819328308},"size":39.975059509277347,"orthographic":false}